,Adult,Cover,Letter_p1,Letter_p2
KNN,-9.945068017876022,9.838244272485813,55.43996901093966,301.53348072809877
LOGIT,-0.6776741475716449,-60.079031045340955,-30.26422106916157,-88.20880551602524
RF,-17.30016888705964,-20.83465910351036,3.2694106405276884,4.611249401707612
